base_paper_id,variant_type,score_diff,score_cat,orig_decision,variant_decision,dec_cat,rating
07xuZw59uB,no_abstract,-0.5,down,Reject,Reject,re2re,4.5
07xuZw59uB,no_introduction,0.0,same,Reject,Reject,re2re,5.0
07xuZw59uB,no_conclusion,-1.0,down,Reject,Reject,re2re,4.0
07xuZw59uB,no_experiments,0.0,same,Reject,Reject,re2re,5.0
07xuZw59uB,no_methods,-0.5,down,Reject,Reject,re2re,4.5
1JbsdayvhO,no_abstract,0.25,up,Reject,Accept,re2ac,6.0
1JbsdayvhO,no_introduction,0.25,up,Reject,Accept,re2ac,6.0
1JbsdayvhO,no_conclusion,0.25,up,Reject,Accept,re2ac,6.0
1JbsdayvhO,no_experiments,-1.25,down,Reject,Reject,re2re,4.5
1JbsdayvhO,no_methods,-2.75,down,Reject,Reject,re2re,3.0
3rmpixOjPS,no_abstract,-0.5,down,Reject,Reject,re2re,4.5
3rmpixOjPS,no_introduction,0.0,same,Reject,Accept,re2ac,5.0
3rmpixOjPS,no_conclusion,0.0,same,Reject,Reject,re2re,5.0
3rmpixOjPS,no_experiments,0.0,same,Reject,Reject,re2re,5.0
3rmpixOjPS,no_methods,-1.5,down,Reject,Reject,re2re,3.5
468KWV14ll,no_abstract,0.75,up,Reject,Accept,re2ac,6.0
468KWV14ll,no_introduction,-0.75,down,Reject,Reject,re2re,4.5
468KWV14ll,no_conclusion,-0.25,down,Reject,Reject,re2re,5.0
468KWV14ll,no_experiments,-0.75,down,Reject,Reject,re2re,4.5
468KWV14ll,no_methods,-2.25,down,Reject,Reject,re2re,3.0
4JtwtT4nYC,no_abstract,1.5,up,Reject,Accept,re2ac,4.5
4JtwtT4nYC,no_introduction,1.5,up,Reject,Reject,re2re,4.5
4JtwtT4nYC,no_conclusion,1.75,up,Reject,Accept,re2ac,4.75
4JtwtT4nYC,no_experiments,0.0,same,Reject,Reject,re2re,3.0
4JtwtT4nYC,no_methods,1.5,up,Reject,Reject,re2re,4.5
4UP387Adir,no_abstract,1.0,up,Reject,Reject,re2re,4.5
4UP387Adir,no_introduction,1.0,up,Reject,Reject,re2re,4.5
4UP387Adir,no_conclusion,1.5,up,Reject,Reject,re2re,5.0
4UP387Adir,no_experiments,-0.5,down,Reject,Reject,re2re,3.0
4UP387Adir,no_methods,0.0,same,Reject,Reject,re2re,3.5
59nCKifDtm,no_abstract,0.0,same,Reject,Reject,re2re,4.5
59nCKifDtm,no_introduction,-0.25,down,Reject,Reject,re2re,4.25
59nCKifDtm,no_conclusion,1.5,up,Reject,Accept,re2ac,6.0
59nCKifDtm,no_experiments,-1.5,down,Reject,Reject,re2re,3.0
59nCKifDtm,no_methods,-1.5,down,Reject,Reject,re2re,3.0
5xadJmgwix,no_abstract,-0.5,down,Reject,Reject,re2re,4.5
5xadJmgwix,no_introduction,0.5,up,Reject,Reject,re2re,5.5
5xadJmgwix,no_conclusion,0.0,same,Reject,Reject,re2re,5.0
5xadJmgwix,no_experiments,-0.5,down,Reject,Reject,re2re,4.5
5xadJmgwix,no_methods,-0.5,down,Reject,Reject,re2re,4.5
760br3YEtY,no_abstract,2.25,up,Reject,Reject,re2re,5.25
760br3YEtY,no_introduction,1.5,up,Reject,Reject,re2re,4.5
760br3YEtY,no_conclusion,0.0,same,Reject,Reject,re2re,3.0
760br3YEtY,no_experiments,0.0,same,Reject,Reject,re2re,3.0
760br3YEtY,no_methods,1.0,up,Reject,Reject,re2re,4.0
7VVGO0kuuY,no_abstract,0.0,same,Reject,Reject,re2re,5.0
7VVGO0kuuY,no_introduction,1.0,up,Reject,Accept,re2ac,6.0
7VVGO0kuuY,no_conclusion,0.25,up,Reject,Reject,re2re,5.25
7VVGO0kuuY,no_experiments,-0.75,down,Reject,Reject,re2re,4.25
7VVGO0kuuY,no_methods,-0.5,down,Reject,Reject,re2re,4.5
7duh4Ml5rc,no_abstract,0.5,up,Reject,Reject,re2re,3.0
7duh4Ml5rc,no_introduction,0.0,same,Reject,Reject,re2re,2.5
7duh4Ml5rc,no_conclusion,1.5,up,Reject,Reject,re2re,4.0
7duh4Ml5rc,no_experiments,-1.5,down,Reject,Reject,re2re,1.0
7duh4Ml5rc,no_methods,0.5,up,Reject,Reject,re2re,3.0
9FXGX00iMF,no_abstract,0.5,up,Reject,Reject,re2re,5.0
9FXGX00iMF,no_introduction,0.5,up,Reject,Reject,re2re,5.0
9FXGX00iMF,no_conclusion,0.0,same,Reject,Reject,re2re,4.5
9FXGX00iMF,no_experiments,0.25,up,Reject,Reject,re2re,4.75
9FXGX00iMF,no_methods,0.75,up,Reject,Reject,re2re,5.25
9WD9KwssyT,no_abstract,1.25,up,Reject,Reject,re2re,5.25
9WD9KwssyT,no_introduction,1.0,up,Reject,Reject,re2re,5.0
9WD9KwssyT,no_conclusion,1.0,up,Reject,Reject,re2re,5.0
9WD9KwssyT,no_experiments,1.0,up,Reject,Reject,re2re,5.0
9WD9KwssyT,no_methods,1.0,up,Reject,Reject,re2re,5.0
9Wy6pLNQcG,no_abstract,-1.0,down,Reject,Reject,re2re,3.5
9Wy6pLNQcG,no_introduction,0.0,same,Reject,Reject,re2re,4.5
9Wy6pLNQcG,no_conclusion,0.5,up,Reject,Reject,re2re,5.0
9Wy6pLNQcG,no_experiments,0.0,same,Reject,Reject,re2re,4.5
9Wy6pLNQcG,no_methods,0.5,up,Reject,Reject,re2re,5.0
9g8h5HwZMy,no_abstract,0.0,same,Reject,Reject,re2re,5.0
9g8h5HwZMy,no_introduction,0.5,up,Reject,Reject,re2re,5.5
9g8h5HwZMy,no_conclusion,0.75,up,Reject,Reject,re2re,5.75
9g8h5HwZMy,no_experiments,-0.75,down,Reject,Reject,re2re,4.25
9g8h5HwZMy,no_methods,0.0,same,Reject,Reject,re2re,5.0
9w3iw8wDuE,no_abstract,1.0,up,Reject,Accept,re2ac,6.0
9w3iw8wDuE,no_introduction,-0.5,down,Reject,Accept,re2ac,4.5
9w3iw8wDuE,no_conclusion,0.75,up,Reject,Reject,re2re,5.75
9w3iw8wDuE,no_experiments,-0.5,down,Reject,Reject,re2re,4.5
9w3iw8wDuE,no_methods,0.0,same,Reject,Reject,re2re,5.0
BI1N3lTWtn,no_abstract,-0.5,down,Reject,Reject,re2re,4.5
BI1N3lTWtn,no_introduction,-1.0,down,Reject,Reject,re2re,4.0
BI1N3lTWtn,no_conclusion,-0.25,down,Reject,Reject,re2re,4.75
BI1N3lTWtn,no_experiments,-1.25,down,Reject,Reject,re2re,3.75
BI1N3lTWtn,no_methods,0.0,same,Reject,Reject,re2re,5.0
BkRD6GsswM,no_abstract,0.0,same,Reject,Reject,re2re,4.5
BkRD6GsswM,no_introduction,-1.5,down,Reject,Reject,re2re,3.0
BkRD6GsswM,no_conclusion,0.0,same,Reject,Reject,re2re,4.5
BkRD6GsswM,no_experiments,0.0,same,Reject,Reject,re2re,4.5
BkRD6GsswM,no_methods,-1.5,down,Reject,Reject,re2re,3.0
CIj1CVbkpr,no_abstract,-1.5,down,Reject,Reject,re2re,3.0
CIj1CVbkpr,no_introduction,-0.5,down,Reject,Reject,re2re,4.0
CIj1CVbkpr,no_conclusion,1.25,up,Reject,Reject,re2re,5.75
CIj1CVbkpr,no_experiments,0.0,same,Reject,Reject,re2re,4.5
CIj1CVbkpr,no_methods,0.0,same,Reject,Reject,re2re,4.5
Cc0qk6r4Nd,no_abstract,0.25,up,Reject,Accept,re2ac,6.0
Cc0qk6r4Nd,no_introduction,-2.25,down,Reject,Reject,re2re,3.5
Cc0qk6r4Nd,no_conclusion,-0.5,down,Reject,Reject,re2re,5.25
Cc0qk6r4Nd,no_experiments,-1.25,down,Reject,Reject,re2re,4.5
Cc0qk6r4Nd,no_methods,-1.5,down,Reject,Accept,re2ac,4.25
CpgoO6j6W1,no_abstract,0.0,same,Reject,Reject,re2re,5.0
CpgoO6j6W1,no_introduction,-2.0,down,Reject,Reject,re2re,3.0
CpgoO6j6W1,no_conclusion,0.0,same,Reject,Reject,re2re,5.0
CpgoO6j6W1,no_experiments,-0.5,down,Reject,Reject,re2re,4.5
CpgoO6j6W1,no_methods,0.0,same,Reject,Accept,re2ac,5.0
DwcV654WBP,no_abstract,0.5,up,Reject,Reject,re2re,5.5
DwcV654WBP,no_introduction,1.0,up,Reject,Accept,re2ac,6.0
DwcV654WBP,no_conclusion,0.75,up,Reject,Reject,re2re,5.75
DwcV654WBP,no_experiments,0.0,same,Reject,Reject,re2re,5.0
DwcV654WBP,no_methods,-1.0,down,Reject,Reject,re2re,4.0
E296x0YpML,no_abstract,-0.25,down,Reject,Reject,re2re,4.5
E296x0YpML,no_introduction,1.25,up,Reject,Reject,re2re,6.0
E296x0YpML,no_conclusion,-1.75,down,Reject,Reject,re2re,3.0
E296x0YpML,no_experiments,-0.75,down,Reject,Reject,re2re,4.0
E296x0YpML,no_methods,-0.25,down,Reject,Reject,re2re,4.5
FKg1N2fAFG,no_abstract,-0.5,down,Reject,Reject,re2re,4.5
FKg1N2fAFG,no_introduction,-0.5,down,Reject,Reject,re2re,4.5
FKg1N2fAFG,no_conclusion,1.0,up,Reject,Accept,re2ac,6.0
FKg1N2fAFG,no_experiments,-2.0,down,Reject,Accept,re2ac,3.0
FKg1N2fAFG,no_methods,-0.5,down,Reject,Reject,re2re,4.5
FRCHDhbxZF,no_abstract,0.75,up,Reject,Accept,re2ac,5.75
FRCHDhbxZF,no_introduction,0.25,up,Reject,Reject,re2re,5.25
FRCHDhbxZF,no_conclusion,-0.5,down,Reject,Reject,re2re,4.5
FRCHDhbxZF,no_experiments,0.0,same,Reject,Accept,re2ac,5.0
FRCHDhbxZF,no_methods,1.0,up,Reject,Accept,re2ac,6.0
FbuyDzZTPt,no_abstract,1.5,up,Accept,Reject,ac2re,5.0
FbuyDzZTPt,no_introduction,1.5,up,Accept,Reject,ac2re,5.0
FbuyDzZTPt,no_conclusion,-0.5,down,Accept,Reject,ac2re,3.0
FbuyDzZTPt,no_experiments,-0.5,down,Accept,Reject,ac2re,3.0
FbuyDzZTPt,no_methods,0.0,same,Accept,Accept,ac2ac,3.5
G3LOFL4jGp,no_abstract,0.0,same,Reject,Reject,re2re,5.0
G3LOFL4jGp,no_introduction,-0.5,down,Reject,Reject,re2re,4.5
G3LOFL4jGp,no_experiments,0.0,same,Reject,Reject,re2re,5.0
G3LOFL4jGp,no_methods,-0.5,down,Reject,Reject,re2re,4.5
G3LOFL4jGp,no_conclusion,-0.5,down,Reject,Reject,re2re,4.5
GSBHKiw19c,no_abstract,-0.75,down,Accept,Reject,ac2re,5.25
GSBHKiw19c,no_introduction,-1.5,down,Accept,Reject,ac2re,4.5
GSBHKiw19c,no_experiments,-0.75,down,Accept,Accept,ac2ac,5.25
GSBHKiw19c,no_methods,-1.0,down,Accept,Reject,ac2re,5.0
GSBHKiw19c,no_conclusion,0.0,same,Accept,Accept,ac2ac,6.0
Gg7cXo3S8l,no_abstract,0.5,up,Accept,Reject,ac2re,5.5
Gg7cXo3S8l,no_introduction,-2.0,down,Accept,Reject,ac2re,3.0
Gg7cXo3S8l,no_conclusion,0.0,same,Accept,Reject,ac2re,5.0
Gg7cXo3S8l,no_experiments,-0.25,down,Accept,Reject,ac2re,4.75
Gg7cXo3S8l,no_methods,0.0,same,Accept,Reject,ac2re,5.0
Gk75gOjtQh,no_abstract,-2.0,down,Reject,Reject,re2re,3.0
Gk75gOjtQh,no_introduction,-0.5,down,Reject,Reject,re2re,4.5
Gk75gOjtQh,no_conclusion,-2.0,down,Reject,Reject,re2re,3.0
Gk75gOjtQh,no_experiments,0.0,same,Reject,Reject,re2re,5.0
Gk75gOjtQh,no_methods,0.25,up,Reject,Reject,re2re,5.25
HCCkCjClO0,no_abstract,1.5,up,Reject,Reject,re2re,4.5
HCCkCjClO0,no_introduction,0.0,same,Reject,Reject,re2re,3.0
HCCkCjClO0,no_conclusion,0.5,up,Reject,Reject,re2re,3.5
HCCkCjClO0,no_experiments,1.5,up,Reject,Reject,re2re,4.5
HCCkCjClO0,no_methods,0.0,same,Reject,Reject,re2re,3.0
HKGQDDTuvZ,no_abstract,-0.5,down,Reject,Reject,re2re,4.5
HKGQDDTuvZ,no_introduction,-0.5,down,Reject,Accept,re2ac,4.5
HKGQDDTuvZ,no_conclusion,-0.25,down,Reject,Reject,re2re,4.75
HKGQDDTuvZ,no_experiments,-1.0,down,Reject,Reject,re2re,4.0
HKGQDDTuvZ,no_methods,-0.5,down,Reject,Reject,re2re,4.5
Hk7yW3vmSq,no_abstract,-0.25,down,Reject,Accept,re2ac,4.25
Hk7yW3vmSq,no_introduction,0.5,up,Reject,Reject,re2re,5.0
Hk7yW3vmSq,no_conclusion,1.25,up,Reject,Reject,re2re,5.75
Hk7yW3vmSq,no_experiments,1.0,up,Reject,Reject,re2re,5.5
Hk7yW3vmSq,no_methods,-1.5,down,Reject,Reject,re2re,3.0
JlSyXwCEIQ,no_abstract,-1.0,down,Reject,Reject,re2re,3.5
JlSyXwCEIQ,no_introduction,0.0,same,Reject,Reject,re2re,4.5
JlSyXwCEIQ,no_conclusion,0.5,up,Reject,Reject,re2re,5.0
JlSyXwCEIQ,no_experiments,-0.5,down,Reject,Reject,re2re,4.0
JlSyXwCEIQ,no_methods,1.5,up,Reject,Accept,re2ac,6.0
KksPo0zXId,no_abstract,0.0,same,Reject,Reject,re2re,3.5
KksPo0zXId,no_introduction,1.5,up,Reject,Accept,re2ac,5.0
KksPo0zXId,no_conclusion,2.25,up,Reject,Reject,re2re,5.75
KksPo0zXId,no_experiments,1.0,up,Reject,Accept,re2ac,4.5
KksPo0zXId,no_methods,1.0,up,Reject,Reject,re2re,4.5
Koh0i2u8qX,no_abstract,-0.25,down,Reject,Reject,re2re,5.0
Koh0i2u8qX,no_conclusion,-0.25,down,Reject,Reject,re2re,5.0
Koh0i2u8qX,no_experiments,-2.25,down,Reject,Reject,re2re,3.0
Koh0i2u8qX,no_methods,-2.25,down,Reject,Reject,re2re,3.0
Koh0i2u8qX,no_introduction,-1.75,down,Reject,Reject,re2re,3.5
KzMMv0OygD,no_abstract,1.0,up,Reject,Accept,re2ac,6.0
KzMMv0OygD,no_introduction,-1.0,down,Reject,Reject,re2re,4.0
KzMMv0OygD,no_conclusion,-0.5,down,Reject,Reject,re2re,4.5
KzMMv0OygD,no_experiments,0.0,same,Reject,Reject,re2re,5.0
KzMMv0OygD,no_methods,-2.0,down,Reject,Reject,re2re,3.0
L6crLU7MIE,no_abstract,-0.25,down,Reject,Reject,re2re,4.5
L6crLU7MIE,no_introduction,0.25,up,Reject,Reject,re2re,5.0
L6crLU7MIE,no_conclusion,0.5,up,Reject,Reject,re2re,5.25
L6crLU7MIE,no_experiments,0.25,up,Reject,Reject,re2re,5.0
L6crLU7MIE,no_methods,-0.25,down,Reject,Reject,re2re,4.5
LWwYyxF3w9,no_introduction,-0.5,down,Reject,Reject,re2re,3.0
LWwYyxF3w9,no_conclusion,1.0,up,Reject,Reject,re2re,4.5
LWwYyxF3w9,no_experiments,0.0,same,Reject,Reject,re2re,3.5
LWwYyxF3w9,no_methods,-0.5,down,Reject,Reject,re2re,3.0
LWwYyxF3w9,no_abstract,1.0,up,Reject,Reject,re2re,4.5
M8J0b9gNfG,no_abstract,-1.0,down,Reject,Reject,re2re,3.5
M8J0b9gNfG,no_introduction,1.5,up,Reject,Accept,re2ac,6.0
M8J0b9gNfG,no_conclusion,0.5,up,Reject,Reject,re2re,5.0
M8J0b9gNfG,no_experiments,0.0,same,Reject,Reject,re2re,4.5
M8J0b9gNfG,no_methods,0.5,up,Reject,Reject,re2re,5.0
Mqukp3Lsnt,no_abstract,-1.5,down,Reject,Reject,re2re,3.0
Mqukp3Lsnt,no_introduction,-1.5,down,Reject,Reject,re2re,3.0
Mqukp3Lsnt,no_conclusion,0.0,same,Reject,Reject,re2re,4.5
Mqukp3Lsnt,no_experiments,-1.5,down,Reject,Reject,re2re,3.0
Mqukp3Lsnt,no_methods,-1.0,down,Reject,Reject,re2re,3.5
N0isTh3rml,no_introduction,-0.5,down,Reject,Reject,re2re,4.0
N0isTh3rml,no_conclusion,1.0,up,Reject,Reject,re2re,5.5
N0isTh3rml,no_experiments,0.5,up,Reject,Reject,re2re,5.0
N0isTh3rml,no_methods,-1.5,down,Reject,Reject,re2re,3.0
N0isTh3rml,no_abstract,-0.5,down,Reject,Reject,re2re,4.0
NSVtmmzeRB,no_abstract,1.0,up,Reject,Reject,re2re,6.0
NSVtmmzeRB,no_introduction,0.0,same,Reject,Reject,re2re,5.0
NSVtmmzeRB,no_conclusion,0.0,same,Reject,Reject,re2re,5.0
NSVtmmzeRB,no_experiments,1.0,up,Reject,Accept,re2ac,6.0
NSVtmmzeRB,no_methods,1.0,up,Reject,Accept,re2ac,6.0
OJoMzslBIa,no_abstract,0.5,up,Reject,Reject,re2re,5.0
OJoMzslBIa,no_introduction,-1.5,down,Reject,Reject,re2re,3.0
OJoMzslBIa,no_conclusion,-1.0,down,Reject,Reject,re2re,3.5
OJoMzslBIa,no_experiments,0.0,same,Reject,Reject,re2re,4.5
OJoMzslBIa,no_methods,-1.5,down,Reject,Reject,re2re,3.0
PCm1oT8pZI,no_abstract,2.0,up,Reject,Reject,re2re,5.0
PCm1oT8pZI,no_introduction,1.5,up,Reject,Reject,re2re,4.5
PCm1oT8pZI,no_conclusion,2.5,up,Reject,Accept,re2ac,5.5
PCm1oT8pZI,no_experiments,1.5,up,Reject,Reject,re2re,4.5
PCm1oT8pZI,no_methods,1.5,up,Reject,Reject,re2re,4.5
Q9R10ZKd8z,no_abstract,0.0,same,Reject,Reject,re2re,5.0
Q9R10ZKd8z,no_introduction,0.25,up,Reject,Reject,re2re,5.25
Q9R10ZKd8z,no_conclusion,0.0,same,Reject,Reject,re2re,5.0
Q9R10ZKd8z,no_experiments,-0.5,down,Reject,Reject,re2re,4.5
Q9R10ZKd8z,no_methods,-2.0,down,Reject,Reject,re2re,3.0
QGR5IeMNDF,no_abstract,-1.0,down,Reject,Reject,re2re,3.5
QGR5IeMNDF,no_introduction,-0.75,down,Reject,Reject,re2re,3.75
QGR5IeMNDF,no_conclusion,-1.0,down,Reject,Reject,re2re,3.5
QGR5IeMNDF,no_experiments,0.0,same,Reject,Reject,re2re,4.5
QGR5IeMNDF,no_methods,-0.5,down,Reject,Reject,re2re,4.0
QMkYEau02q,no_abstract,-2.0,down,Accept,Reject,ac2re,4.5
QMkYEau02q,no_introduction,-2.5,down,Accept,Reject,ac2re,4.0
QMkYEau02q,no_conclusion,-3.5,down,Accept,Reject,ac2re,3.0
QMkYEau02q,no_experiments,-3.5,down,Accept,Reject,ac2re,3.0
QMkYEau02q,no_methods,-2.0,down,Accept,Reject,ac2re,4.5
QO3yH7X8JJ,no_abstract,-1.5,down,Reject,Reject,re2re,4.0
QO3yH7X8JJ,no_introduction,-0.5,down,Reject,Reject,re2re,5.0
QO3yH7X8JJ,no_conclusion,0.5,up,Reject,Accept,re2ac,6.0
QO3yH7X8JJ,no_experiments,-2.0,down,Reject,Reject,re2re,3.5
QO3yH7X8JJ,no_methods,-1.0,down,Reject,Reject,re2re,4.5
QcgvtqxRhI,no_abstract,2.0,up,Reject,Reject,re2re,5.5
QcgvtqxRhI,no_introduction,1.5,up,Reject,Reject,re2re,5.0
QcgvtqxRhI,no_conclusion,1.5,up,Reject,Reject,re2re,5.0
QcgvtqxRhI,no_experiments,0.0,same,Reject,Reject,re2re,3.5
QcgvtqxRhI,no_methods,-0.5,down,Reject,Reject,re2re,3.0
Qox9rO0kN0,no_abstract,0.75,up,Reject,Reject,re2re,5.75
Qox9rO0kN0,no_introduction,-1.0,down,Reject,Reject,re2re,4.0
Qox9rO0kN0,no_conclusion,-1.5,down,Reject,Reject,re2re,3.5
Qox9rO0kN0,no_experiments,-2.0,down,Reject,Reject,re2re,3.0
Qox9rO0kN0,no_methods,-0.5,down,Reject,Reject,re2re,4.5
RN2lIjrtSR,no_abstract,-0.5,down,Accept,Reject,ac2re,5.0
RN2lIjrtSR,no_introduction,-0.25,down,Accept,Reject,ac2re,5.25
RN2lIjrtSR,no_conclusion,0.25,up,Accept,Reject,ac2re,5.75
RN2lIjrtSR,no_experiments,-1.0,down,Accept,Reject,ac2re,4.5
RN2lIjrtSR,no_methods,-0.5,down,Accept,Reject,ac2re,5.0
RUKTunGWJe,no_abstract,-1.5,down,Reject,Reject,re2re,3.0
RUKTunGWJe,no_introduction,-0.5,down,Reject,Reject,re2re,4.0
RUKTunGWJe,no_conclusion,-1.5,down,Reject,Reject,re2re,3.0
RUKTunGWJe,no_experiments,-1.5,down,Reject,Reject,re2re,3.0
RUKTunGWJe,no_methods,-1.5,down,Reject,Reject,re2re,3.0
RVaUSKSh9t,no_abstract,0.0,same,Reject,Reject,re2re,3.0
RVaUSKSh9t,no_introduction,1.75,up,Reject,Reject,re2re,4.75
RVaUSKSh9t,no_conclusion,0.0,same,Reject,Reject,re2re,3.0
RVaUSKSh9t,no_experiments,1.5,up,Reject,Reject,re2re,4.5
RVaUSKSh9t,no_methods,1.0,up,Reject,Reject,re2re,4.0
SXj1qjFEpQ,no_abstract,1.5,up,Reject,Reject,re2re,6.0
SXj1qjFEpQ,no_introduction,-1.5,down,Reject,Reject,re2re,3.0
SXj1qjFEpQ,no_conclusion,0.0,same,Reject,Reject,re2re,4.5
SXj1qjFEpQ,no_experiments,-1.0,down,Reject,Reject,re2re,3.5
SXj1qjFEpQ,no_methods,0.5,up,Reject,Reject,re2re,5.0
SqMVI1GFnp,no_abstract,0.0,same,Reject,Reject,re2re,3.0
SqMVI1GFnp,no_introduction,1.5,up,Reject,Reject,re2re,4.5
SqMVI1GFnp,no_conclusion,2.0,up,Reject,Reject,re2re,5.0
SqMVI1GFnp,no_experiments,0.0,same,Reject,Reject,re2re,3.0
SqMVI1GFnp,no_methods,1.5,up,Reject,Reject,re2re,4.5
TKDwsJmrDJ,no_abstract,1.25,up,Accept,Reject,ac2re,5.25
TKDwsJmrDJ,no_introduction,-1.0,down,Accept,Reject,ac2re,3.0
TKDwsJmrDJ,no_conclusion,0.5,up,Accept,Reject,ac2re,4.5
TKDwsJmrDJ,no_experiments,-0.5,down,Accept,Reject,ac2re,3.5
TKDwsJmrDJ,no_methods,-0.5,down,Accept,Reject,ac2re,3.5
TKnzPdyeJu,no_abstract,-1.0,down,Reject,Reject,re2re,4.0
TKnzPdyeJu,no_introduction,-2.0,down,Reject,Reject,re2re,3.0
TKnzPdyeJu,no_methods,-3.0,down,Reject,Reject,re2re,2.0
TKnzPdyeJu,no_conclusion,-1.5,down,Reject,Reject,re2re,3.5
TKnzPdyeJu,no_experiments,-2.0,down,Reject,Reject,re2re,3.0
UbxWjq0UO2,no_abstract,-1.5,down,Reject,Reject,re2re,3.0
UbxWjq0UO2,no_introduction,0.5,up,Reject,Reject,re2re,5.0
UbxWjq0UO2,no_conclusion,0.75,up,Reject,Accept,re2ac,5.25
UbxWjq0UO2,no_experiments,0.75,up,Reject,Accept,re2ac,5.25
UbxWjq0UO2,no_methods,-0.25,down,Reject,Reject,re2re,4.25
WLgbjzKJkk,no_abstract,1.5,up,Reject,Accept,re2ac,6.0
WLgbjzKJkk,no_introduction,0.75,up,Reject,Reject,re2re,5.25
WLgbjzKJkk,no_conclusion,1.25,up,Reject,Reject,re2re,5.75
WLgbjzKJkk,no_experiments,0.25,up,Reject,Reject,re2re,4.75
WLgbjzKJkk,no_methods,0.0,same,Reject,Reject,re2re,4.5
WNSjteBJd9,no_abstract,0.0,same,Reject,Reject,re2re,5.0
WNSjteBJd9,no_introduction,-0.5,down,Reject,Reject,re2re,4.5
WNSjteBJd9,no_conclusion,0.0,same,Reject,Reject,re2re,5.0
WNSjteBJd9,no_experiments,-0.5,down,Reject,Reject,re2re,4.5
WNSjteBJd9,no_methods,-0.5,down,Reject,Reject,re2re,4.5
YhwDw31DGI,no_abstract,1.5,up,Reject,Accept,re2ac,4.5
YhwDw31DGI,no_introduction,0.0,same,Reject,Reject,re2re,3.0
YhwDw31DGI,no_conclusion,0.0,same,Reject,Reject,re2re,3.0
YhwDw31DGI,no_experiments,1.5,up,Reject,Reject,re2re,4.5
YhwDw31DGI,no_methods,1.5,up,Reject,Reject,re2re,4.5
ZMjflI1aL0,no_abstract,-2.0,down,Reject,Reject,re2re,3.0
ZMjflI1aL0,no_introduction,-2.0,down,Reject,Reject,re2re,3.0
ZMjflI1aL0,no_conclusion,-0.25,down,Reject,Reject,re2re,4.75
ZMjflI1aL0,no_experiments,-0.5,down,Reject,Reject,re2re,4.5
ZMjflI1aL0,no_methods,0.0,same,Reject,Reject,re2re,5.0
b3kDP3IytM,no_abstract,-1.0,down,Accept,Reject,ac2re,5.0
b3kDP3IytM,no_introduction,-1.25,down,Accept,Reject,ac2re,4.75
b3kDP3IytM,no_conclusion,0.0,same,Accept,Reject,ac2re,6.0
b3kDP3IytM,no_experiments,-3.0,down,Accept,Reject,ac2re,3.0
b3kDP3IytM,no_methods,-1.0,down,Accept,Reject,ac2re,5.0
bAXmvOLtjA,no_abstract,1.0,up,Reject,Accept,re2ac,6.0
bAXmvOLtjA,no_introduction,-2.0,down,Reject,Reject,re2re,3.0
bAXmvOLtjA,no_conclusion,-0.25,down,Reject,Reject,re2re,4.75
bAXmvOLtjA,no_experiments,-0.25,down,Reject,Reject,re2re,4.75
bAXmvOLtjA,no_methods,-1.0,down,Reject,Reject,re2re,4.0
bCvm9h0FmQ,no_introduction,-1.25,down,Reject,Reject,re2re,4.0
bCvm9h0FmQ,no_conclusion,-0.25,down,Reject,Reject,re2re,5.0
bCvm9h0FmQ,no_experiments,-0.75,down,Reject,Reject,re2re,4.5
bCvm9h0FmQ,no_methods,-0.25,down,Reject,Reject,re2re,5.0
bCvm9h0FmQ,no_abstract,-0.25,down,Reject,Reject,re2re,5.0
bO1UP57GAw,no_abstract,-0.75,down,Reject,Reject,re2re,4.5
bO1UP57GAw,no_introduction,-2.25,down,Reject,Reject,re2re,3.0
bO1UP57GAw,no_conclusion,-0.25,down,Reject,Reject,re2re,5.0
bO1UP57GAw,no_experiments,-2.25,down,Reject,Reject,re2re,3.0
bO1UP57GAw,no_methods,-0.75,down,Reject,Reject,re2re,4.5
bRm0rul3SZ,no_abstract,-0.75,down,Reject,Accept,re2ac,5.0
bRm0rul3SZ,no_introduction,-0.5,down,Reject,Reject,re2re,5.25
bRm0rul3SZ,no_conclusion,0.0,same,Reject,Reject,re2re,5.75
bRm0rul3SZ,no_experiments,0.0,same,Reject,Reject,re2re,5.75
bRm0rul3SZ,no_methods,-0.5,down,Reject,Reject,re2re,5.25
bTMMNT7IdW,no_abstract,-0.5,down,Reject,Reject,re2re,4.5
bTMMNT7IdW,no_introduction,-0.25,down,Reject,Reject,re2re,4.75
bTMMNT7IdW,no_conclusion,-0.5,down,Reject,Reject,re2re,4.5
bTMMNT7IdW,no_experiments,-0.5,down,Reject,Reject,re2re,4.5
bTMMNT7IdW,no_methods,-1.5,down,Reject,Reject,re2re,3.5
crF9dk4poo,no_abstract,-0.75,down,Reject,Reject,re2re,4.0
crF9dk4poo,no_introduction,-1.25,down,Reject,Reject,re2re,3.5
crF9dk4poo,no_conclusion,0.25,up,Reject,Reject,re2re,5.0
crF9dk4poo,no_experiments,-0.25,down,Reject,Reject,re2re,4.5
crF9dk4poo,no_methods,0.25,up,Reject,Reject,re2re,5.0
dumkzmqTmS,no_abstract,0.0,same,Reject,Reject,re2re,3.0
dumkzmqTmS,no_introduction,0.0,same,Reject,Reject,re2re,3.0
dumkzmqTmS,no_conclusion,-2.0,down,Reject,Reject,re2re,1.0
dumkzmqTmS,no_experiments,0.0,same,Reject,Reject,re2re,3.0
dumkzmqTmS,no_methods,0.0,same,Reject,Reject,re2re,3.0
eSr9iK1z8n,no_abstract,0.0,same,Reject,Reject,re2re,4.5
eSr9iK1z8n,no_conclusion,0.0,same,Reject,Reject,re2re,4.5
eSr9iK1z8n,no_experiments,0.0,same,Reject,Reject,re2re,4.5
eSr9iK1z8n,no_methods,-1.5,down,Reject,Reject,re2re,3.0
eSr9iK1z8n,no_introduction,0.0,same,Reject,Reject,re2re,4.5
ecbRyZZmKG,no_abstract,1.5,up,Reject,Reject,re2re,4.5
ecbRyZZmKG,no_introduction,0.0,same,Reject,Reject,re2re,3.0
ecbRyZZmKG,no_conclusion,1.0,up,Reject,Reject,re2re,4.0
ecbRyZZmKG,no_experiments,0.0,same,Reject,Reject,re2re,3.0
ecbRyZZmKG,no_methods,1.5,up,Reject,Reject,re2re,4.5
f7t7AOseAa,no_abstract,2.25,up,Reject,Reject,re2re,5.25
f7t7AOseAa,no_introduction,2.0,up,Reject,Reject,re2re,5.0
f7t7AOseAa,no_conclusion,1.5,up,Reject,Reject,re2re,4.5
f7t7AOseAa,no_experiments,2.0,up,Reject,Reject,re2re,5.0
f7t7AOseAa,no_methods,2.0,up,Reject,Reject,re2re,5.0
fGXyvmWpw6,no_abstract,0.5,up,Reject,Reject,re2re,5.0
fGXyvmWpw6,no_introduction,0.25,up,Reject,Reject,re2re,4.75
fGXyvmWpw6,no_conclusion,0.5,up,Reject,Reject,re2re,5.0
fGXyvmWpw6,no_experiments,1.5,up,Reject,Accept,re2ac,6.0
fGXyvmWpw6,no_methods,0.5,up,Reject,Reject,re2re,5.0
fIKRJeLH7W,no_abstract,-0.75,down,Reject,Reject,re2re,4.25
fIKRJeLH7W,no_introduction,-0.5,down,Reject,Reject,re2re,4.5
fIKRJeLH7W,no_conclusion,0.5,up,Reject,Reject,re2re,5.5
fIKRJeLH7W,no_experiments,0.0,same,Reject,Reject,re2re,5.0
fIKRJeLH7W,no_methods,-0.25,down,Reject,Reject,re2re,4.75
fLWqIWPMDH,no_abstract,0.0,same,Reject,Reject,re2re,4.5
fLWqIWPMDH,no_introduction,-2.0,down,Reject,Reject,re2re,2.5
fLWqIWPMDH,no_conclusion,0.0,same,Reject,Reject,re2re,4.5
fLWqIWPMDH,no_experiments,-0.5,down,Reject,Reject,re2re,4.0
fLWqIWPMDH,no_methods,-2.0,down,Reject,Reject,re2re,2.5
gJeYtRuguR,no_abstract,1.5,up,Reject,Reject,re2re,4.5
gJeYtRuguR,no_introduction,1.25,up,Reject,Reject,re2re,4.25
gJeYtRuguR,no_conclusion,2.0,up,Reject,Reject,re2re,5.0
gJeYtRuguR,no_experiments,1.5,up,Reject,Reject,re2re,4.5
gJeYtRuguR,no_methods,1.0,up,Reject,Reject,re2re,4.0
huwR9N2ea0,no_abstract,0.0,same,Reject,Reject,re2re,5.0
huwR9N2ea0,no_introduction,0.0,same,Reject,Accept,re2ac,5.0
huwR9N2ea0,no_conclusion,-0.25,down,Reject,Reject,re2re,4.75
huwR9N2ea0,no_experiments,0.0,same,Reject,Reject,re2re,5.0
huwR9N2ea0,no_methods,-0.5,down,Reject,Accept,re2ac,4.5
iNtEAeVQE0,no_abstract,0.5,up,Reject,Reject,re2re,4.25
iNtEAeVQE0,no_introduction,-0.75,down,Reject,Reject,re2re,3.0
iNtEAeVQE0,no_conclusion,-0.75,down,Reject,Reject,re2re,3.0
iNtEAeVQE0,no_methods,0.75,up,Reject,Reject,re2re,4.5
iNtEAeVQE0,no_experiments,0.25,up,Reject,Reject,re2re,4.0
lr69PmF2Ov,no_abstract,1.5,up,Accept,Accept,ac2ac,6.0
lr69PmF2Ov,no_introduction,0.5,up,Accept,Accept,ac2ac,5.0
lr69PmF2Ov,no_conclusion,-1.5,down,Accept,Reject,ac2re,3.0
lr69PmF2Ov,no_experiments,0.0,same,Accept,Reject,ac2re,4.5
lr69PmF2Ov,no_methods,0.0,same,Accept,Reject,ac2re,4.5
mHYkcQzdae,no_abstract,-1.0,down,Reject,Reject,re2re,3.0
mHYkcQzdae,no_introduction,0.5,up,Reject,Reject,re2re,4.5
mHYkcQzdae,no_conclusion,0.5,up,Reject,Reject,re2re,4.5
mHYkcQzdae,no_experiments,-1.0,down,Reject,Reject,re2re,3.0
mHYkcQzdae,no_methods,0.5,up,Reject,Reject,re2re,4.5
mWf3RGc6HG,no_abstract,0.5,up,Reject,Reject,re2re,5.0
mWf3RGc6HG,no_introduction,-1.5,down,Reject,Reject,re2re,3.0
mWf3RGc6HG,no_conclusion,0.0,same,Reject,Reject,re2re,4.5
mWf3RGc6HG,no_experiments,-1.5,down,Reject,Reject,re2re,3.0
mWf3RGc6HG,no_methods,-1.5,down,Reject,Reject,re2re,3.0
n7Sr8SW4bn,no_abstract,0.0,same,Reject,Reject,re2re,5.0
n7Sr8SW4bn,no_introduction,-1.5,down,Reject,Reject,re2re,3.5
n7Sr8SW4bn,no_conclusion,-1.5,down,Reject,Reject,re2re,3.5
n7Sr8SW4bn,no_experiments,-0.5,down,Reject,Reject,re2re,4.5
n7Sr8SW4bn,no_methods,-1.5,down,Reject,Reject,re2re,3.5
pdJXYfJjz9,no_abstract,0.5,up,Accept,Accept,ac2ac,5.0
pdJXYfJjz9,no_introduction,-0.5,down,Accept,Reject,ac2re,4.0
pdJXYfJjz9,no_conclusion,0.25,up,Accept,Reject,ac2re,4.75
pdJXYfJjz9,no_experiments,0.0,same,Accept,Reject,ac2re,4.5
pdJXYfJjz9,no_methods,-1.5,down,Accept,Reject,ac2re,3.0
qoHeuRAcSl,no_abstract,-1.0,down,Reject,Reject,re2re,4.5
qoHeuRAcSl,no_introduction,-0.25,down,Reject,Reject,re2re,5.25
qoHeuRAcSl,no_conclusion,0.5,up,Reject,Accept,re2ac,6.0
qoHeuRAcSl,no_experiments,-2.5,down,Reject,Reject,re2re,3.0
qoHeuRAcSl,no_methods,-1.0,down,Reject,Reject,re2re,4.5
rR03qFesqk,no_abstract,-0.75,down,Accept,Reject,ac2re,5.0
rR03qFesqk,no_introduction,-0.75,down,Accept,Reject,ac2re,5.0
rR03qFesqk,no_conclusion,0.0,same,Accept,Accept,ac2ac,5.75
rR03qFesqk,no_experiments,-0.75,down,Accept,Reject,ac2re,5.0
rR03qFesqk,no_methods,0.0,same,Accept,Reject,ac2re,5.75
rnHqwPH4TZ,no_introduction,0.5,up,Reject,Reject,re2re,5.5
rnHqwPH4TZ,no_conclusion,0.0,same,Reject,Reject,re2re,5.0
rnHqwPH4TZ,no_experiments,-0.5,down,Reject,Reject,re2re,4.5
rnHqwPH4TZ,no_methods,-0.5,down,Reject,Reject,re2re,4.5
rnHqwPH4TZ,no_abstract,0.75,up,Reject,Reject,re2re,5.75
s1ByDEbpI8,no_abstract,0.0,same,Accept,Accept,ac2ac,6.0
s1ByDEbpI8,no_introduction,-1.5,down,Accept,Reject,ac2re,4.5
s1ByDEbpI8,no_conclusion,-0.75,down,Accept,Reject,ac2re,5.25
s1ByDEbpI8,no_experiments,-3.0,down,Accept,Reject,ac2re,3.0
s1ByDEbpI8,no_methods,-0.75,down,Accept,Reject,ac2re,5.25
s9bCeJGUJi,no_abstract,2.0,up,Reject,Reject,re2re,5.0
s9bCeJGUJi,no_introduction,1.0,up,Reject,Accept,re2ac,4.0
s9bCeJGUJi,no_conclusion,1.0,up,Reject,Reject,re2re,4.0
s9bCeJGUJi,no_experiments,0.0,same,Reject,Reject,re2re,3.0
s9bCeJGUJi,no_methods,1.75,up,Reject,Reject,re2re,4.75
sP1tCl2QBk,no_abstract,0.0,same,Reject,Reject,re2re,5.0
sP1tCl2QBk,no_introduction,0.0,same,Reject,Reject,re2re,5.0
sP1tCl2QBk,no_conclusion,-0.5,down,Reject,Reject,re2re,4.5
sP1tCl2QBk,no_experiments,0.25,up,Reject,Reject,re2re,5.25
sP1tCl2QBk,no_methods,0.0,same,Reject,Reject,re2re,5.0
t8cBsT9mcg,no_abstract,-0.75,down,Reject,Reject,re2re,4.25
t8cBsT9mcg,no_introduction,-2.0,down,Reject,Reject,re2re,3.0
t8cBsT9mcg,no_conclusion,-0.5,down,Reject,Reject,re2re,4.5
t8cBsT9mcg,no_experiments,-1.5,down,Reject,Reject,re2re,3.5
t8cBsT9mcg,no_methods,-2.0,down,Reject,Reject,re2re,3.0
ug8wDSimNK,no_abstract,0.25,up,Reject,Reject,re2re,5.0
ug8wDSimNK,no_introduction,0.25,up,Reject,Reject,re2re,5.0
ug8wDSimNK,no_conclusion,0.25,up,Reject,Reject,re2re,5.0
ug8wDSimNK,no_experiments,0.5,up,Reject,Reject,re2re,5.25
ug8wDSimNK,no_methods,-0.25,down,Reject,Reject,re2re,4.5
wDE3clrYWR,no_abstract,0.0,same,Reject,Reject,re2re,4.5
wDE3clrYWR,no_introduction,-1.5,down,Reject,Reject,re2re,3.0
wDE3clrYWR,no_conclusion,0.0,same,Reject,Reject,re2re,4.5
wDE3clrYWR,no_experiments,0.5,up,Reject,Reject,re2re,5.0
wDE3clrYWR,no_methods,1.5,up,Reject,Accept,re2ac,6.0
wRkfniZIBl,no_abstract,-0.25,down,Reject,Reject,re2re,5.5
wRkfniZIBl,no_introduction,-1.25,down,Reject,Reject,re2re,4.5
wRkfniZIBl,no_conclusion,-0.5,down,Reject,Reject,re2re,5.25
wRkfniZIBl,no_experiments,0.0,same,Reject,Reject,re2re,5.75
wRkfniZIBl,no_methods,-1.75,down,Reject,Reject,re2re,4.0
y8dHnNEcJu,no_abstract,0.0,same,Reject,Reject,re2re,4.5
y8dHnNEcJu,no_introduction,-0.5,down,Reject,Reject,re2re,4.0
y8dHnNEcJu,no_conclusion,0.5,up,Reject,Reject,re2re,5.0
y8dHnNEcJu,no_experiments,-0.5,down,Reject,Reject,re2re,4.0
y8dHnNEcJu,no_methods,0.5,up,Reject,Accept,re2ac,5.0
yJdj2QQCUB,no_abstract,0.0,same,Reject,Reject,re2re,5.0
yJdj2QQCUB,no_introduction,-0.5,down,Reject,Reject,re2re,4.5
yJdj2QQCUB,no_conclusion,1.0,up,Reject,Accept,re2ac,6.0
yJdj2QQCUB,no_experiments,-0.5,down,Reject,Reject,re2re,4.5
yJdj2QQCUB,no_methods,-1.25,down,Reject,Reject,re2re,3.75
zIJFG7wW2d,no_abstract,-0.75,down,Reject,Reject,re2re,5.0
zIJFG7wW2d,no_introduction,-1.25,down,Reject,Reject,re2re,4.5
zIJFG7wW2d,no_conclusion,0.0,same,Reject,Reject,re2re,5.75
zIJFG7wW2d,no_experiments,-2.75,down,Reject,Reject,re2re,3.0
zIJFG7wW2d,no_methods,-1.25,down,Reject,Accept,re2ac,4.5
zgHamUBuuO,no_abstract,-0.25,down,Reject,Reject,re2re,5.0
zgHamUBuuO,no_introduction,0.0,same,Reject,Reject,re2re,5.25
zgHamUBuuO,no_conclusion,0.25,up,Reject,Reject,re2re,5.5
zgHamUBuuO,no_experiments,-2.25,down,Reject,Reject,re2re,3.0
zgHamUBuuO,no_methods,0.75,up,Reject,Accept,re2ac,6.0
zmJDzPh1Dm,no_abstract,-0.5,down,Reject,Reject,re2re,3.5
zmJDzPh1Dm,no_introduction,-1.0,down,Reject,Reject,re2re,3.0
zmJDzPh1Dm,no_conclusion,-1.0,down,Reject,Reject,re2re,3.0
zmJDzPh1Dm,no_experiments,0.5,up,Reject,Reject,re2re,4.5
zmJDzPh1Dm,no_methods,1.0,up,Reject,Accept,re2ac,5.0
